Outlook,yes,no
sunny,0.16666666666666666,0.75
overcast,0.3333333333333333,0.0
rain,0.5,0.25
